{
    "u": 5,
    "w": 3,
    "phi": 0.0174533,
    "theta": 0.0872665,
    "pitch_ctrl": 0.4,
    "throttle_ctrl": 0.4
}