{
    "u": 55,
    "w": 0.390986,
    "theta": 0.0016328270737400272,
    "pitch_ctrl": -0.170525,
    "throttle_ctrl": 0.534835
}