{
    "u": 7,
    "w": 3,
    "phi": 0.0174533,
    "theta": 0.0872665,
    "pitch_ctrl": 0.8294,
    "throttle_ctrl": 0.4652
}